Model,BLEU,Rouge-L,Coherence Score,Rouge-1,Response Length,TOPSIS Score,Rank
GPT-3,0.85,0.92,4.2,0.88,150,0.4778777983930141,3.0
BERT,0.78,0.85,3.8,0.82,180,0.5324676723255316,1.0
T5,0.88,0.94,4.5,0.9,135,0.46753232767446845,4.0
DialoGPT,0.82,0.89,4.0,0.85,165,0.5261744130831608,2.0
BART,0.8,0.87,3.9,0.84,155,0.3432076757771118,5.0
